caso,cant,mejor1,var1,tiempo1,mejor4,var4,tiempo4,mejor5,var5,tiempo5,mejor6,var6,tiempo6,cota dual
f0017.in,17,9,306,0.0,9,212,0.0,9,22,3.1890788078308105,9,0,0.009797811508178711,9
f0032.in,32,-,-,420,17,2922,0.0,18,30,5.054767847061157,17,0,0.014173269271850586,17
f0074.in,74,-,-,420,38,159654,150.0,35,77,19.135666847229004,38,0,0.01509857177734375,38
f0512.in,512,-,-,420,-,-,420,279,51,22.03304934501648,279,0,0.1711277961730957,279,512
f1158.in,1158,-,-,420,-,-,420,595,0,159.03910279273987,595,0,0.8919663429260254,595
f2048.in,2048,-,-,420,-,-,420,1021,14,420.7897570133209,1021,0,2.720176935195923,1021
f16384.in,16384,-,-,420,-,-,420,-,-,420,8162,0,385.8621554374695,8162
