caso,cant,cota dual,mejor1,var1,tiempo1,mejor4,var4,tiempo4,mejor5,var5,tiempo5,mejor6,var6,tiempo6
f0018.in,18,9.0,8.7164082,342,0.0,9.999999544151857,342,60.0,0,0,0,0,0,0
f0032.in,32,15.606243200000016,15.5933628,1056,0.0,16.999999999999996,1056,60.0,0,0,0,0,0,0
f0512.in,512,265.0699629,265.0699629,262656,28.0,0.0,233010,60.0,0,0,0,0,0,0
