Caso,Cant,CotaDual,mejor1,var1,t1,mejor4,var4,t4,mejor5,var5,t5,mejor6,var6,t6
f0018.in,18,10.0,10.0,342,0.164,0.0,0,0.0,9.3333333,34,0.002,9.33,62,0.0
f0032.in,32,18.583,10.0,342,0.164,17.0,1056,0.84,18.583333,38,0.002,19.0,0,0.0
f0512.in,512,286.911,0.0,0,0.0,0.0,0,0.0,286.911,2349,0.0,306.0,0,1.0
f0514.in,514,287.844,0.0,0,0.0,0.0,0,0.0,287.84375,2595,1.0,310.0,0,0.0
f2048.in,2048,1131.5,0.0,0,0.0,0.0,0,0.0,1131.5,10988,2.0,1108.5,4645,5.0
f0677.in,677,399.0833333333333,0,0,0,0,0,0,0,0,0,399.0833333333333,215,0.0
