caso,cant,cota dual,mejor1,var1,tiempo1,mejor4,var4,tiempo4,mejor5,var5,tiempo5,mejor6,var6,tiempo6
f0017.in,17,9,9,306,0.0,9,212,0.0,12,27,4.557465553283691,9,0,0.06952905654907227
f0032.in,32,17,-,-,420,17,2922,0.0,18,40,4.927891731262207,17,0,0.021368026733398438
f0074.in,74,38,-,-,420,38,159654,159.0,40,95,19.385173559188843,38,0,0.05126190185546875
f0512.in,512,-,-,-,420
