caso,cant,cota dual,mejor1,var1,tiempo1,mejor4,var4,tiempo4,mejor5,var5,tiempo5,mejor6,var6,tiempo
f0018.in,18,?,8.7164082,342,0.0,8.7164082,342,0.0,8.7164082,342,0.0,8.7164082,342,0.0
f0032.in,32,?,15.5933628,1056,0.0,15.5933628,1056,0.0,15.5933628,1056,0.0,15.5933628,1056,0.0
f0512.in,512,?,265.0699629,262656,33.0,265.0699629,262656,33.0,265.0699629,262656,33.0,265.0699629,262656,33.0
f2048.in,2048,?,,4196352,483.0,,4196352,483.0,,4196352,483.0,,4196352,483.0
