caso,cant,cota dual,mejor1,var1,tiempo1,mejor4,var4,tiempo4,mejor5,var5,tiempo5,mejor6,var6,tiempo6

f0015.in,15,8.0,8.0,240,0.0,8.0,240,0.0,7.666666666666667,43,0.0,0,0,0
f0018.in,18,10.0,8.0,240,0.0,9.999999544151857,342,98.0,9.166666666666666,69,0.0,0,0,0
f0032.in,32,16.5,8.0,240,0.0,9.999999544151857,342,98.0,16.5,285,0.0,0,0,0
f0015.in,15,8.0,8.0,240,0.0,8.0,240,0.0,7.833333333333333,24,0.0,0,0,0
f0015.in,15,9.0,8.0,240,0.0,8.0,240,0.0,9.0,0,0.0,0,0,0
